{"cameraMode":{"drawMode":0,"name":"Shaded","section":"Shading Mode"},"sceneLighting":true,"audioPlay":false,"sceneViewState":{"m_AlwaysRefresh":false,"showFog":true,"showSkybox":true,"showFlares":true,"showImageEffects":true,"showParticleSystems":true,"showVisualEffectGraphs":true,"m_FxEnabled":true},"in2DMode":false,"pivot":{"x":0.31944552063941958,"y":1.0576220750808716,"z":14.227022171020508},"rotation":{"x":-0.0263966117054224,"y":0.0065935286693274979,"z":0.00017416597984265536,"w":0.9996321797370911},"size":12.12435531616211,"orthographic":false}